
<resources>
    <color name="seed">#009c1d</color>
    <color name="md_theme_light_primary">#006E11</color>
    <color name="md_theme_light_onPrimary">#FFFFFF</color>
    <color name="md_theme_light_primaryContainer">#7DFE74</color>
    <color name="md_theme_light_onPrimaryContainer">#002202</color>
    <color name="md_theme_light_secondary">#426916</color>
    <color name="md_theme_light_onSecondary">#FFFFFF</color>
    <color name="md_theme_light_secondaryContainer">#C2F18E</color>
    <color name="md_theme_light_onSecondaryContainer">#0F2000</color>
    <color name="md_theme_light_tertiary">#386569</color>
    <color name="md_theme_light_onTertiary">#FFFFFF</color>
    <color name="md_theme_light_tertiaryContainer">#BCEBEF</color>
    <color name="md_theme_light_onTertiaryContainer">#002022</color>
    <color name="md_theme_light_error">#BA1A1A</color>
    <color name="md_theme_light_errorContainer">#FFDAD6</color>
    <color name="md_theme_light_onError">#FFFFFF</color>
    <color name="md_theme_light_onErrorContainer">#410002</color>
    <color name="md_theme_light_background">#F5FFF3</color>
    <color name="md_theme_light_onBackground">#00210E</color>
    <color name="md_theme_light_surface">#F5FFF3</color>
    <color name="md_theme_light_onSurface">#00210E</color>
    <color name="md_theme_light_surfaceVariant">#DEE4D8</color>
    <color name="md_theme_light_onSurfaceVariant">#42493F</color>
    <color name="md_theme_light_outline">#73796E</color>
    <color name="md_theme_light_inverseOnSurface">#C2FFD0</color>
    <color name="md_theme_light_inverseSurface">#00391C</color>
    <color name="md_theme_light_inversePrimary">#60E05B</color>
    <color name="md_theme_light_shadow">#000000</color>
    <color name="md_theme_light_surfaceTint">#006E11</color>
    <color name="md_theme_light_outlineVariant">#C2C8BC</color>
    <color name="md_theme_light_scrim">#000000</color>
    <color name="md_theme_dark_primary">#60E05B</color>
    <color name="md_theme_dark_onPrimary">#003A05</color>
    <color name="md_theme_dark_primaryContainer">#00530A</color>
    <color name="md_theme_dark_onPrimaryContainer">#7DFE74</color>
    <color name="md_theme_dark_secondary">#A6D475</color>
    <color name="md_theme_dark_onSecondary">#1D3700</color>
    <color name="md_theme_dark_secondaryContainer">#2C5000</color>
    <color name="md_theme_dark_onSecondaryContainer">#C2F18E</color>
    <color name="md_theme_dark_tertiary">#A0CFD3</color>
    <color name="md_theme_dark_onTertiary">#00363A</color>
    <color name="md_theme_dark_tertiaryContainer">#1E4D51</color>
    <color name="md_theme_dark_onTertiaryContainer">#BCEBEF</color>
    <color name="md_theme_dark_error">#FFB4AB</color>
    <color name="md_theme_dark_errorContainer">#93000A</color>
    <color name="md_theme_dark_onError">#690005</color>
    <color name="md_theme_dark_onErrorContainer">#FFDAD6</color>
    <color name="md_theme_dark_background">#00210E</color>
    <color name="md_theme_dark_onBackground">#99F7B5</color>
    <color name="md_theme_dark_surface">#00210E</color>
    <color name="md_theme_dark_onSurface">#99F7B5</color>
    <color name="md_theme_dark_surfaceVariant">#42493F</color>
    <color name="md_theme_dark_onSurfaceVariant">#C2C8BC</color>
    <color name="md_theme_dark_outline">#8C9388</color>
    <color name="md_theme_dark_inverseOnSurface">#00210E</color>
    <color name="md_theme_dark_inverseSurface">#99F7B5</color>
    <color name="md_theme_dark_inversePrimary">#006E11</color>
    <color name="md_theme_dark_shadow">#000000</color>
    <color name="md_theme_dark_surfaceTint">#60E05B</color>
    <color name="md_theme_dark_outlineVariant">#42493F</color>
    <color name="md_theme_dark_scrim">#000000</color>
</resources>
